<?xml version="1.0" encoding="UTF-8"?>
<project-private xmlns="http://www.netbeans.org/ns/project-private/1">
    <editor-bookmarks xmlns="http://www.netbeans.org/ns/editor-bookmarks/2" lastBookmarkId="0"/>
    <open-files xmlns="http://www.netbeans.org/ns/projectui-open-files/2">
        <group>
            <file>file:/D:/IU/Data%20Structure%20Analysis/Game/2048/src/pkg2048/GameExecute.java</file>
            <file>file:/D:/IU/Data%20Structure%20Analysis/Game/2048/src/pkg2048/Game2048.java</file>
            <file>file:/D:/IU/Data%20Structure%20Analysis/Game/2048/src/pkg2048/GameGUI.java</file>
        </group>
    </open-files>
</project-private>
