<?xml version="1.0" encoding="UTF-8"?>
<project-private xmlns="http://www.netbeans.org/ns/project-private/1">
    <editor-bookmarks xmlns="http://www.netbeans.org/ns/editor-bookmarks/2" lastBookmarkId="0"/>
    <open-files xmlns="http://www.netbeans.org/ns/projectui-open-files/2">
        <group>
            <file>file:/D:/IU/Data%20Structure%20Analysis/Game/FinalVersion/2048-trungver/src/pkg2048/GameBoard6by6.java</file>
            <file>file:/D:/IU/Data%20Structure%20Analysis/Game/FinalVersion/2048-trungver/src/pkg2048/Leaderboards.java</file>
            <file>file:/D:/IU/Data%20Structure%20Analysis/Game/FinalVersion/2048-trungver/src/pkg2048/Start.java</file>
            <file>file:/D:/IU/Data%20Structure%20Analysis/Game/FinalVersion/2048-trungver/src/pkg2048/LeaderboardsPanel.java</file>
            <file>file:/D:/IU/Data%20Structure%20Analysis/Game/FinalVersion/2048-trungver/src/pkg2048/ScoreManager.java</file>
            <file>file:/D:/IU/Data%20Structure%20Analysis/Game/FinalVersion/2048-trungver/src/pkg2048/ScoreManager5by5.java</file>
            <file>file:/D:/IU/Data%20Structure%20Analysis/Game/FinalVersion/2048-trungver/src/pkg2048/GameBoard.java</file>
            <file>file:/D:/IU/Data%20Structure%20Analysis/Game/FinalVersion/2048-trungver/src/pkg2048/PlayPanel.java</file>
            <file>file:/D:/IU/Data%20Structure%20Analysis/Game/FinalVersion/2048-trungver/src/pkg2048/GameStack.java</file>
            <file>file:/D:/IU/Data%20Structure%20Analysis/Game/FinalVersion/2048-trungver/src/pkg2048/GameBoard5by5.java</file>
            <file>file:/D:/IU/Data%20Structure%20Analysis/Game/FinalVersion/2048-trungver/src/pkg2048/Game.java</file>
        </group>
    </open-files>
</project-private>
